﻿<?xml version="1.0" encoding="utf-8"?>
<?xml-stylesheet type="text/xsl" href="c:\program files (x86)\microsoft visual studio\2019\community\team tools\static analysis tools\fxcop\Xml\CodeAnalysisReport.xsl"?>
<FxCopReport Version="16.0">
 <Localized>
  <String Key="Category">Kategorie</String>
  <String Key="Certainty">Sicherheit</String>
  <String Key="CollapseAll">Alle zuklappen</String>
  <String Key="CheckId">Prüf-ID</String>
  <String Key="Error">Fehler</String>
  <String Key="Errors">Fehler</String>
  <String Key="ExpandAll">Alle aufklappen</String>
  <String Key="Help">Hilfe</String>
  <String Key="Line">Zeile</String>
  <String Key="Messages">Meldung(en)</String>
  <String Key="LocationNotStoredInPdb">[Nicht in PDB gespeicherter Speicherort]</String>
  <String Key="Project">Projekt</String>
  <String Key="Resolution">Auflösung</String>
  <String Key="Rule">Regel</String>
  <String Key="RuleFile">Regeldatei</String>
  <String Key="RuleDescription">Regelbeschreibung</String>
  <String Key="Source">Quelle</String>
  <String Key="Status">Status</String>
  <String Key="Target">Ziel</String>
  <String Key="Warning">Warnung</String>
  <String Key="Warnings">Warnung(en)</String>
  <String Key="ReportTitle">Code Analysis-Bericht</String>
 </Localized>
</FxCopReport>
